[
  {"name": "Питер",
    "surname": "Каммингс",
    "photo": "static/img/nlo1.jpg",
    "list": ["Астроном", "Менеджер космического туризма"]
  },
  {"name": "Кристофер",
    "surname": "Хилл",
    "photo": "static/img/nlo2.jpg",
    "list": ["Инженер бортового оборудования", "Авиамеханик"]
  },
  {"name": "Оуэн",
    "surname": "Марш",
    "photo": "static/img/nlo3.jpg",
    "list": ["Космический биолог", "Специалист по космической медицине"]
  }
]